symbol,date,ratio,source,verified,verified_by,note
AVGO,2024-07-15,10,both,yes,stock_raw_jump+adj_factor_jump,פיצול 10:1
CRWD,2026-07-02,4,both,yes,stock_raw_jump+adj_factor_jump,פיצול 4:1 — זוהה בסריקת הסגירה הגולמית 29/09/2026 ואושר (המגדל: מתיישב עם 376 הנקודות בטבלת הגלומה ב-02/07/2026)
IBKR,2025-06-18,4,both,yes,stock_raw_jump+adj_factor_jump,פיצול 4:1
MSTR,2024-08-08,10,both,no,stock_raw_jump+adj_factor_jump,פיצול 10:1
NOW,2025-12-18,5,both,yes,stock_raw_jump+adj_factor_jump,פיצול 5:1 — זוהה בסריקה 29/09/2026 ואושר
NVDA,2024-06-10,10,both,yes,stock_raw_jump+adj_factor_jump,"פיצול 10:1 — נמדד בפיילוט (חציון הסטרייקים 1,130 ⇒ 114 בין 07/06 ל-10/06/2024)"
PANW,2024-12-16,2,both,yes,stock_raw_jump+adj_factor_jump,פיצול 2:1
SOXX,2024-03-07,3,both,yes,stock_raw_jump+adj_factor_jump,פיצול 3:1 — זוהה בסריקה 29/09/2026 ואושר (יום המסחר שבו המחיר הגולמי ירד — תאריך 'כפי שנסחר' אצל הספק)
XLE,2025-12-05,2,both,yes,stock_raw_jump+adj_factor_jump,פיצול 2:1 (תעודות הסל של SPDR) — זוהה בסריקה 29/09/2026 ואושר
XLK,2025-12-05,2,both,yes,stock_raw_jump+adj_factor_jump,פיצול 2:1 (תעודות הסל של SPDR) — זוהה בסריקה 29/09/2026 ואושר
XLY,2025-12-05,2,both,yes,stock_raw_jump+adj_factor_jump,פיצול 2:1 (תעודות הסל של SPDR) — זוהה בסריקה 29/09/2026 ואושר
